OBJECTID,metro line,metro_station_num,metro station_name,municipal district,x-longitude,y-latitude,job-worker ratio 2011,job-worker ratio 2012,job-worker ratio 2013,job-worker ratio 2014,job-worker ratio 2015
1,Fangshan Line,9537,Liangxiang Univ. Town West,Fangshan District,116.159,39.7233,0.048780488,0.086956522,0.050691244,0.067654639,0.012195122
2,Line 14,1475,Zaoying,Chaoyang District,116.47,39.9452,NA,NA,NA,NA,1.662921348
3,Line 6,621,Haidian Wuluju,Haidian District,116.269,39.9331,NA,NA,0.645010047,0.707491082,0.614793856
4,Changping Line,9433,Shahe,Changping District,116.285,40.1463,0.233970754,0.052222817,0.045891608,0.095117845,0.054928131
5,Changping Line,9431,Shahe Univ. Park,Changping District,116.249,40.1663,0.117088608,0.035454545,0.070243902,0.102991162,0.05135603
6,Line 8,805,Zhuxinzhuang,Changping District,116.32,40.111,0.08322325,0.09375,0.112719752,0.134171908,0.080322829
7,Line 5,521,Tiantongyuan North,Changping District,116.413,40.0821,0.091777274,0.088446001,0.085114728,0.120299515,0.051814907
8,Line 15,1555,Houshayu,Chaoyang District,116.563,40.1124,0.220250522,0.279809221,0.289081886,0.344582593,0.25436409
9,Line 15,1559,Shimen,Shunyi District,116.641,40.1295,NA,0.063953488,0.1,0.139871383,0.102925244
10,Line 15,1563,Fengbo,Shunyi District,116.684,40.1325,NA,0.086876155,0.110690634,0.141991925,0.077735125
11,Airport Express,9827,Terminal 3,Chaoyang District,116.616,40.0512,NA,NA,NA,NA,NA
12,Line 15,1549,Sunhe,Chaoyang District,116.535,40.0452,0.43902439,0.621621622,0.308823529,0.24291498,0.170068027
13,Line 14,1493,Shangezhuang,Chaoyang District,116.477,40.0302,NA,NA,NA,NA,0.320987654
14,Line 8,823,South Gate of Forest Park,Chaoyang District,116.393,40.0101,0.35483871,1.457142857,1.690909091,2,1.507692308
15,Line 13,1329,Shangdi,Haidian District,116.32,40.033,0.705611776,0.779597567,0.864788732,1.056882159,1.091811414
16,Line 4,421,North of Anheqiao,Haidian District,116.27,40.0092,0.085543767,0.101117901,0.116692035,0.239106145,0.162927981
17,Line 1,103,Pingguoyuan,Shijingshan District,116.178,39.926,0.121819077,0.125442375,0.129065672,0.215935493,0.119738915
18,Line 4,439,National Library,Haidian District,116.325,39.9431,4.076923077,4.390662796,4.704402516,3.954356846,5.871972318
19,Line 8,837,Shichahai,Dongcheng District,116.395,39.9403,NA,NA,NA,0.95035461,1.079646018
20,Line 6,655,Dalianpo,Chaoyang District,116.564,39.9239,NA,NA,0.053791887,0.12161814,0.083192568
21,Line 6,663,Wuzixueyuanlu,Tongzhou District,116.639,39.9269,NA,NA,NA,NA,0.097271649
22,Batong Line,9713,Tuqiao,Shunyi District,116.694,39.8648,0.235551664,0.335205993,0.170977011,0.221604448,0.115131579
23,Batong Line,9709,Guoyuan,Tongzhou District,116.647,39.8934,0.048686244,0.079710145,0.064678706,0.097854834,0.048969072
24,Line 7,761,Jiaohuachang,Chaoyang District,116.54,39.8529,NA,NA,NA,NA,0.164658635
25,Line 10,9023,Panjiayuan,Chaoyang District,116.461,39.876,NA,NA,0.453906936,0.583477959,0.448568399
26,Line 4,461,Beijing South Railway Station,Dongcheng District,116.384,39.8673,0.163752914,0.231012636,0.298272358,0.390499195,0.289874255
27,Line 10,1433,Xiju,Fengtai District,116.304,39.8666,NA,NA,0.285106383,0.55526658,0.596385542
28,Line 14 (West Section),1427,Guozhuangzi,Fengtai District,116.253,39.8592,NA,NA,NA,0.19751693,0.112227806
29,Line 14 (West Section),1421,Zhangguozhuang,Fengtai District,116.195,39.8567,NA,NA,NA,0.184454756,0.060830861
30,Fangshan Line,9529,Libafang,Fangshan District,116.19,39.7611,0.166666667,0.08,0.252427184,0.122651934,0.078464107
31,Fangshan Line,9525,Daotian,Fangshan District,116.218,39.7945,0.166666667,0,0.060606061,0.17847769,0.049568966
32,Daxing Line,9323,Xihongmen,Daxing District,116.329,39.7882,0.078929766,0.111692845,0.10308963,0.189303308,0.180928209
33,Daxing Line,9321,Xingong,Fengtai District,116.366,39.8108,0.111597374,0.190566038,0.138788753,0.231406974,0.144084342
34,Yizhuang T1 Line,9629,Yizhuangqiao,Daxing District,116.48,39.8033,0.280742459,0.098958333,0.291060291,0.318342152,0.22392638
35,Yizhuang T1 Line,9641,Jinghailu,Tongzhou District,116.562,39.784,15.22222222,3.181818182,2.951456311,2.188295165,1.799382716
36,Yizhuang T1 Line,9645,Ciqu,Tongzhou District,116.602,39.8128,0.129198966,0.149425287,0.20952381,0.21483376,0.053418803
37,Daxing Line,9337,Yihezhuang,Daxing District,116.32,39.7109,1.212121212,0.277777778,0.287671233,0.18230563,0.12195122
38,Fangshan Line,9541,Suzhuang,Fangshan District,116.125,39.7232,0.126865672,0.059633028,0.06744868,0.12,0.064027939
39,Fangshan Line,9539,Liangxiang Nanguan,Fangshan District,116.145,39.7233,0.016949153,0.052083333,0.078212291,0.107594937,0.046920821
40,Fangshan Line,9535,Liangxiang Univ. Town,Fangshan District,116.177,39.7233,1,0.1,0.111111111,0.484375,1.076923077
41,Fangshan Line,9533,Liangxiang Univ. Town North,Fangshan District,116.184,39.7326,2,1,0.75,0.281632653,0.108303249
42,Daxing Line,9341,Tiangongyuan,Daxing District,116.32,39.6693,0.56928839,1.059322034,0.464231355,0.468637993,0.229591837
43,Daxing Line,9339,Biomedical Base,Daxing District,116.322,39.6876,8.625,6.153846154,1.460784314,1.366013072,0.425149701
44,Daxing Line,9335,Huangcun Railway Station,Daxing District,116.331,39.7229,0.117567568,0.120622568,0.135311143,0.171264966,0.1
45,Daxing Line,9333,Huangcun West St.,Daxing District,116.333,39.7318,0.223484848,0.320634921,0.202434337,0.207699194,0.126234133
46,Daxing Line,9331,Qingyuanlu,Daxing District,116.332,39.7427,0.181242079,0.330960854,0.193977591,0.187377691,0.12106136
47,Yizhuang T1 Line,9643,Ciqu South,Tongzhou District,116.581,39.795,0.352941176,0.019230769,0.060606061,0.161616162,0.095890411
48,Yizhuang T1 Line,9639,Tongji South Rd.,Tongzhou District,116.54,39.7732,1.262396694,0.866883117,0.747169811,0.566037736,0.566395664
49,Yizhuang T1 Line,9637,Rongchang East St.,Daxing District,116.522,39.783,6.685714286,5.571428571,2.392982456,1.471875,1.513078471
50,Yizhuang T1 Line,9635,Rongjing East St.,Daxing District,116.514,39.7933,6.909090909,8.954545455,8.05,5.622222222,6.959349593
51,Yizhuang T1 Line,9633,Wanyuan St.,Daxing District,116.507,39.8012,4.635514019,4.547619048,3.846153846,2.790640394,2.924623116
52,Yizhuang T1 Line,9631,Yizhuang Culture Park,Daxing District,116.491,39.8072,1.41221374,0.620253165,0.699481865,0.964143426,0.426512968
53,Yizhuang T1 Line,9627,Jiugong,Daxing District,116.461,39.8067,0.104831358,0.10840708,0.12967581,0.159366949,0.167210973
54,Fangshan Line,9523,Dabaotai,Fengtai District,116.292,39.8077,18.9375,22.91304348,2.865248227,1.769230769,2.08041958
55,Daxing Line,9329,Zaoyuan,Daxing District,116.332,39.7534,0.079820628,0.14967462,0.102298333,0.141456166,0.074420677
56,Daxing Line,9327,Gaomidian South,Daxing District,116.332,39.7633,0.329787234,0.576,0.444835681,0.551067073,0.536159601
57,Daxing Line,9325,Gaomidian North,Daxing District,116.331,39.7761,0.1875,0.263537906,0.196347032,0.202340506,0.155727156
58,Line 9,945,Guogongzhuang,Fengtai District,116.302,39.8143,NA,39,4.761904762,1.063291139,0.857142857
59,Line 9,943,Fengtai Science Park,Fengtai District,116.297,39.8252,NA,NA,NA,11.48546512,28.91
60,Fangshan Line,9527,Changyang,Fangshan District,116.213,39.7638,0.121212121,0.176470588,0.143162393,0.092972182,0.037727851
61,Fangshan Line,9531,Guangyangcheng,Fangshan District,116.185,39.7483,0.034482759,0.060606061,0.033707865,0.139175258,0.079027356
62,Line 14 (West Section),1429,Dajing,Fengtai District,116.274,39.8652,NA,NA,NA,0.368852459,0.284444444
63,Line 14 (West Section),1425,Dawayao,Fengtai District,116.237,39.8548,NA,NA,NA,0.325,0.164383562
64,Line 14 (West Section),1423,Garden Expo Park,Fengtai District,116.208,39.8585,NA,NA,NA,0.232824427,0.147368421
65,Line 10,9049,Niwa,Fengtai District,116.304,39.8556,NA,NA,NA,0.427201395,0.314102564
66,Line 10,9047,Fengtai Railway Station,Fengtai District,116.305,39.8499,NA,NA,NA,0.146428571,0.085164835
67,Line 10,9043,Jijiamiao,Fengtai District,116.336,39.8446,NA,NA,0.642857143,0.873271889,0.461077844
68,Line 10,9041,Caoqiao,Fengtai District,116.359,39.8459,NA,NA,0.27761194,0.377966102,0.285524568
69,Line 10,1055,Lianhuaqiao,Haidian District,116.31,39.8983,NA,NA,0.851851852,1.209705373,1.217125382
70,Line 10,1045,Shoujingmao,Fengtai District,116.32,39.8445,NA,NA,0.088469185,0.185575049,0.103119032
71,Line 9,941,Keyilu,Fengtai District,116.297,39.8324,NA,NA,NA,0.885536823,0.755829904
72,Line 9,939,Fengtai South Rd.,Fengtai District,116.296,39.8414,NA,NA,NA,0.297943568,0.224256293
73,Line 9,937,Fengtai East St.,Fengtai District,116.294,39.8515,NA,NA,NA,0.32489083,0.250688705
74,Line 9,935,Qilizhuang,Fengtai District,116.294,39.8661,NA,NA,NA,0.588715664,0.485555556
75,Line 9,933,Liuliqiao,Fengtai District,116.303,39.8806,NA,NA,NA,0.448514851,0.408163265
76,Line 9,931,Liuliqiao East,Fengtai District,116.315,39.8868,NA,NA,NA,0.291883842,0.175504458
77,Line 7,929,Beijing West Railway Station,Xicheng District,116.321,39.8948,NA,NA,NA,1.449643947,2.273356401
78,Line 7,727,Guanganmen Inner,Xicheng District,116.354,39.8893,NA,NA,NA,NA,2.09569378
79,Line 7,725,Daguanying,Xicheng District,116.341,39.8897,NA,NA,NA,NA,0.332798717
80,Line 7,723,Wanzi,Xicheng District,116.327,39.8901,NA,NA,NA,NA,0.921167883
81,Line 10,9037,Jiaomen East,Fengtai District,116.386,39.8451,NA,NA,NA,0.470797159,0.345991561
82,Line 10,9033,Shiliuzhuang,Fengtai District,116.414,39.8457,NA,NA,0.133426966,0.234366789,0.155015198
83,Line 8,857,Dahongmen,Fengtai District,116.4,39.8454,NA,NA,0.367407407,0.420720152,0.292220114
84,Line 7,739,Guangqumen Inner,Dongcheng District,116.429,39.8935,NA,NA,NA,NA,1.684647303
85,Line 7,735,Qiaowan,Dongcheng District,116.409,39.8927,NA,NA,NA,NA,1.543307087
86,Line 7,733,Zhushikou,Dongcheng District,116.398,39.8913,NA,NA,NA,NA,1.413173653
87,Line 7,731,Hufangqiao,Xicheng District,116.385,39.8895,NA,NA,NA,NA,1.243781095
88,Line 5,565,Songjiazhuang,Fengtai District,116.428,39.8466,0.167449572,0.136690647,0.213474026,0.280701754,0.185384443
89,Line 5,563,Liujiaoyao,Fengtai District,116.422,39.8576,0.333085502,0.337391019,0.341696535,0.422626788,0.33113354
90,Line 5,561,Puhuangyu,Fengtai District,116.422,39.8657,0.17351842,0.183603391,0.193688363,0.256227071,0.174929841
91,Line 5,559,East Gate of Temple of Heaven,Dongcheng District,116.421,39.8843,0.850867052,0.901882801,0.952898551,0.976152623,1.187106918
92,Line 5,557,Ciqikou,Dongcheng District,116.419,39.8931,1.930981595,2.54394513,3.156908665,2.497704316,2.879795396
93,Line 4,467,Gongyi West Bridge,Fengtai District,116.371,39.8361,0.23787816,0.301428921,0.364979682,0.460583489,0.395582329
94,Line 4,465,Jiaomen West,Fengtai District,116.371,39.8459,0.141678129,0.180827627,0.219977125,0.313841202,0.25470852
95,Line 4,463,Majiabao,Fengtai District,116.371,39.8535,0.18563163,0.227127327,0.268623025,0.385336049,0.288158795
96,Line 4,459,Taoranting,Xicheng District,116.374,39.8784,0.569482289,0.583408446,0.597334603,0.758420441,0.770365169
97,Line 4,457,Caishikou,Xicheng District,116.374,39.8893,0.947082768,1.173541384,1.4,1.299916458,1.265432099
98,Line 2,209,Chongwenmen,Dongcheng District,116.419,39.9011,1.23578669,0.813953488,1.269068788,1.460708263,1.585365854
99,Line 2,208,Qianmen,Dongcheng District,116.398,39.9002,0.434520548,0.404901961,0.443221321,0.667239404,0.593160377
100,Line 2,207,Hepingmen,Xicheng District,116.384,39.9001,0.77826087,0.575645756,0.848545637,0.965594615,0.932523617
101,Line 2,206,Xuanwumen,Xicheng District,116.374,39.8998,2.23059867,1.4004914,2.811416922,2.516108654,2.796875
102,Line 2,205,Changchunjie,Xicheng District,116.363,39.8994,0.606277112,0.524064171,0.6812159,0.859442994,0.927068037
103,Yizhuang T1 Line,9625,Xiaohongmen,Chaoyang District,116.459,39.8279,0.080898876,0.060773481,0.096654275,0.182656827,0.086894587
104,Yizhuang T1 Line,9623,Xiaocun,Chaoyang District,116.441,39.8331,0.352941176,0.413793103,0.473333333,0.691202873,0.584664537
105,Line 10,9029,Chengshousi,Fengtai District,116.44,39.8459,NA,NA,0.29950495,0.320278184,0.242894057
106,Line 10,9027,Zhongfensi,Fengtai District,116.454,39.8523,NA,NA,0.050105263,0.085659712,0.084257206
107,Line 10,9025,Shilihe,Chaoyang District,116.458,39.8664,NA,NA,0.543252595,0.569134701,0.52211127
108,Line 10,1043,Jinsong,Chaoyang District,116.461,39.8844,0.35,0.280476456,0.400065854,0.546517539,0.458399745
109,Line 10,1041,Shuangjing,Chaoyang District,116.461,39.8935,0.99554731,0.686936053,1.51964512,1.597266036,1.507356948
110,Line 7,755,Happy Valley Scenic Area,Chaoyang District,116.5,39.8685,NA,NA,NA,NA,0.083106267
111,Line 7,753,Nanlouzizhuang,Chaoyang District,116.501,39.8744,NA,NA,NA,NA,0.244444444
112,Line 7,751,Huagong,Chaoyang District,116.504,39.8867,NA,NA,NA,NA,2
113,Line 7,749,Baiziwan,Chaoyang District,116.5,39.8931,NA,NA,NA,NA,1.084677419
114,Line 7,747,Dajiaoting,Chaoyang District,116.488,39.8931,NA,NA,NA,NA,4.17037037
115,Line 7,745,Jiulongshan,Chaoyang District,116.478,39.8933,NA,NA,NA,NA,1.515555556
116,Line 7,741,Guangqumen Outer,Dongcheng District,116.443,39.8937,NA,NA,NA,NA,1.162464986
117,Line 7,759,Shuanghe,Chaoyang District,116.526,39.86,NA,NA,NA,NA,0.032629559
118,Batong Line,9711,Liyuan,Tongzhou District,116.669,39.8836,0.074074074,0.086461889,0.077379348,0.093388728,0.056134454
119,Batong Line,9710,Jiukeshu,Tongzhou District,116.657,39.8902,0.159474672,0.302238806,0.250469043,0.275648949,0.218218218
120,Batong Line,9708,Tongzhou Beiyuan,Tongzhou District,116.637,39.9038,0.05931657,0.06483439,0.081335214,0.157219694,0.093820225
121,Batong Line,9712,Linheli,Tongzhou District,116.679,39.8753,0.226158038,0.20323741,0.097987752,0.126609442,0.05754386
122,Line 6,677,Lucheng,Tongzhou District,116.749,39.9029,NA,NA,NA,NA,0.029776675
123,Line 6,675,Dongxiayuan,Tongzhou District,116.736,39.9034,NA,NA,NA,NA,0.025423729
124,Line 6,673,Haojiafu,Tongzhou District,116.718,39.9033,NA,NA,NA,NA,0.03255814
125,Line 6,669,North Canal West,Tongzhou District,116.686,39.9042,NA,NA,NA,NA,0.03331277
126,Batong Line,9707,Balqiao,Tongzhou District,116.619,39.9061,0.073142857,0.081280788,0.07366985,0.142166344,0.068901304
127,Batong Line,9706,Guanzhuang,Chaoyang District,116.599,39.909,0.122058824,0.175642088,0.174911661,0.228624535,0.140609137
128,Line 6,665,Tongzhou Beiguan,Tongzhou District,116.656,39.9227,NA,NA,NA,NA,0.052631579
129,Line 6,661,Caofang,Chaoyang District,116.616,39.9243,NA,NA,0.097486413,0.146481876,0.13005618
130,Line 6,659,Changying,Chaoyang District,116.599,39.9256,NA,NA,0.096256684,0.143610013,0.155925156
131,Batong Line,9705,Shuangqiao,Chaoyang District,116.577,39.9103,0.151721664,0.290204678,0.253684681,0.305237969,0.230169051
132,Batong Line,9704,Communication University of China,Chaoyang District,116.554,39.9092,0.153183341,0.175080559,0.150029189,0.228752643,0.167789001
133,Batong Line,9703,Gaobeidian,Chaoyang District,116.532,39.9095,1.614545455,1.929577465,2.721362229,2.476280835,2.670289855
134,Line 6,657,Huangqu,Chaoyang District,116.578,39.9243,NA,NA,0.077653149,0.147455867,0.127527216
135,Line 6,653,Qingnianlu,Chaoyang District,116.518,39.9231,NA,NA,0.370347773,0.54408298,0.51042471
136,Line 14,1479,Jiangtai,Chaoyang District,116.483,39.9734,NA,NA,NA,NA,4.176715177
137,Line 14,1477,Dongfeng North Bridge,Chaoyang District,116.479,39.9612,NA,NA,NA,NA,0.666666667
138,Line 10,1037,Jintaixizhao,Chaoyang District,116.462,39.9168,13.43478261,15.58737864,26.175,9.279746835,31.02255639
139,Line 10,1033,Tuanjiehu,Chaoyang District,116.462,39.9346,2.140965732,2.460754332,3.125778331,2.66790871,3.429107981
140,Line 10,1031,Agricultural Exhibition Center,Chaoyang District,116.462,39.9414,1.87434555,2.582733813,2.047945205,1.887356322,3.150326797
141,Line 10,1029,Liangmaqiao,Chaoyang District,116.462,39.9496,2.913569576,3.134453782,3.54965358,2.913254966,5.517105263
142,Line 10,1027,Sanyuanqiao,Chaoyang District,116.457,39.9614,3.250859107,3.459574468,3.908080808,2.672785829,4.034965035
143,Line 10,1025,Taiyanggong,Chaoyang District,116.448,39.9726,0.49668435,0.620116376,0.853985793,1.043027638,1.138546798
144,Line 6,651,Shilipu,Chaoyang District,116.502,39.923,NA,NA,0.263878875,0.405413357,0.432432432
145,Line 6,649,Jintailu,Chaoyang District,116.478,39.923,NA,NA,1.099540582,1.232707775,1.166791324
146,Line 6,647,Hujialou,Chaoyang District,116.462,39.9233,2.876847291,2.489570552,6.025462963,4.376373626,6.009771987
147,Line 6,645,Dongdaqiao,Shunyi District,116.452,39.9232,NA,NA,12.48717949,6.874429224,12.00289855
148,Line 1,125,Sihui East,Chaoyang District,116.515,39.9084,0.299408784,0.444917158,0.590425532,1.018578879,1.342277487
149,Line 1,124,Sihui,Chaoyang District,116.496,39.9088,1.713578889,1.717782654,1.721986418,1.80149925,1.697674419
150,Line 1,123,Dawanglu,Chaoyang District,116.477,39.9083,3.052977572,3.447866878,3.842756184,2.97831669,4.314006024
151,Line 10,122,Guomao,Chaoyang District,116.462,39.9084,3.427054478,1.846363636,3.394308943,2.545568562,3.604898829
152,Line 1,121,Yong'anli,Chaoyang District,116.451,39.9085,17.52589641,16.72598323,15.92607004,6.887451488,20.36180905
153,Line 13,1349,Liufang,Chaoyang District,116.433,39.9582,4.59936407,5.488235294,5.579143389,4.442105263,5.281314168
154,Line 13,1347,Guangximen,Chaoyang District,116.432,39.9684,1.715827338,1.724832215,1.867537313,1.807643312,2.025943396
155,Line 10,1023,Shaoyaoju,Chaoyang District,116.435,39.9768,0.687436677,0.693498452,0.98,1.030261723,1.054513482
156,Line 10,1019,Anzhenmen,Chaoyang District,116.406,39.977,1.419836957,1.427444795,2.085062241,1.840361446,2.4604811
157,Line 10,1015,Jiedemen,Haidian District,116.381,39.9768,1.380381087,1.653767821,2.572509458,2.425953442,3.071881607
158,Line 10,1013,Mudan Garden,Haidian District,116.37,39.9767,1.221279004,1.220723918,1.570234114,1.53997195,1.705382436
159,Line 8,831,Anhuqiao,Chaoyang District,116.394,39.9632,NA,NA,2.308988764,1.971910112,2.163003663
160,Line 8,829,Beitucheng,Chaoyang District,116.394,39.9769,0.820073439,1.80733945,1.6996997,1.573493976,1.978365385
161,Line 6,639,Nanluoguxiang,Dongcheng District,116.401,39.9334,NA,NA,1.897435897,2.173447537,2.637323944
162,Line 6,637,Beihai North,Dongcheng District,116.391,39.9333,NA,NA,2.138613861,1.923076923,2.008097166
163,Line 5,551,Dengshikou,Dongcheng District,116.418,39.9169,11.16595745,11.48922872,11.8125,6.250788644,12.01345291
164,Line 5,549,Dongsi,Dongcheng District,116.417,39.9243,4.914110429,4.786146124,4.658181818,3.03030303,3.686230248
165,Line 5,547,Zhangzizhonglu,Dongcheng District,116.417,39.9337,3.090277778,2.702638889,2.315,2.077227723,2.324909747
166,Line 5,545,Beixinqiao,Dongcheng District,116.417,39.941,1.98556701,2.071929234,2.158291457,2.021420519,2.539956803
167,Line 5,541,Hepingli North St.,Dongcheng District,116.419,39.9593,1.516770186,1.711538246,1.906306306,1.604524181,1.618257261
168,Line 5,539,Heping West Bridge,Chaoyang District,116.418,39.9682,2.487755102,2.739211921,2.99066874,2.510177282,2.995907231
169,Line 5,537,South of Huixin West St.,Chaoyang District,116.418,39.9771,0.702931596,0.824601763,0.94627193,0.98992674,1.070398643
170,Line 4,451,Lingjing Hutong,Xicheng District,116.374,39.9158,4.762790698,5.797425883,6.832061069,4.455497382,6.583643123
171,Line 4,449,Xisi,Xicheng District,116.373,39.9241,2.301204819,2.967149172,3.633093525,2.678111588,2.882562278
172,Line 4,447,Ping'anli,Xicheng District,116.373,39.934,1.953757225,1.885303521,1.816849817,1.496981891,1.627865961
173,Line 4,445,Xinjiekou,Xicheng District,116.368,39.9406,1.249376559,1.27947443,1.309572301,1.482191781,2.150246305
174,Line 2,218,Jishuitan,Xicheng District,116.372,39.9487,0.803144224,0.743475019,0.836071184,0.956498244,1.06122449
175,Line 2,217,Gulou Dajie,Dongcheng District,116.394,39.949,1.126056879,1.138810198,1.543529412,1.429760666,1.528985507
176,Line 2,216,Andingmen,Dongcheng District,116.408,39.9491,1.565140845,1.382126348,1.640063847,1.294964029,1.531066823
177,Line 2,215,Yonghegong,Dongcheng District,116.416,39.9493,3.891812865,3.790794979,4.405362776,3.689862543,5.364210526
178,Line 2,214,Dongzhimen,Dongcheng District,116.434,39.9411,1.913135593,1.989820359,1.562588302,1.854431793,2.059720457
179,Line 2,213,Dongsi Shitiao,Dongcheng District,116.434,39.9337,6.006195787,6.918635171,8.328424153,5.611918605,9.982339956
180,Line 2,212,Chaoyangmen,Chaoyang District,116.435,39.9245,9.437257439,9.76674938,12.22292994,6.598275079,11.36493506
181,Line 2,210,Beijing Railway Station,Dongcheng District,116.427,39.905,3.878431373,2.54,4.006514658,3.102787456,6.967741935
182,Line 1,120,Jianguomen,Chaoyang District,116.436,39.9086,9.184281843,8.747156119,8.310030395,5.749753695,14.12605042
183,Line 1,119,Dongdan,Dongcheng District,116.418,39.9082,18.15492958,21.24158693,24.32824427,7.364341085,33.8
184,Line 1,118,Wangfujing,Dongcheng District,116.412,39.9081,28.67777778,26.41275253,24.14772727,9.568965517,38.2962963
185,Line 1,117,Tian'anmen East,Dongcheng District,116.402,39.9078,3.467532468,3.743381618,4.019230769,3.886792453,5.86440678
186,Line 1,116,Tian'anmen West,Dongcheng District,116.392,39.9075,6.546875,8.868675595,11.19047619,5.428571429,9.742857143
187,Line 1,115,Xidan,Xicheng District,116.374,39.9073,13.09597523,13.30560957,13.5152439,6.685258964,12.59530792
188,Line 10,9059,Xidiaoyutai,Haidian District,116.298,39.9236,NA,NA,1.356707317,1.414225941,1.406296852
189,Line 13,1323,Dazhongsi,Haidian District,116.345,39.9666,3.534045394,3.587878788,4.886513158,4.0777667,3.913580247
190,Line 10,1067,Huoqiying,Haidian District,116.287,39.9686,NA,NA,0.741116751,0.837398374,0.714285714
191,Line 10,1065,Changchunqiao,Haidian District,116.293,39.9581,NA,NA,2.977941176,3.203529412,3.876168224
192,Line 10,1063,Chedaogou,Haidian District,116.296,39.9471,NA,NA,2.390670554,2.132983377,2.404040404
193,Line 10,1011,Xitucheng,Haidian District,116.354,39.9765,2.381294964,3.106498195,3.436065574,2.700504767,4.015214385
194,Line 10,1009,Zhichunlu,Haidian District,116.34,39.9764,3.262316059,3.065481759,4.391410049,2.908399848,3.513191489
195,Line 10,1007,Zhichunli,Haidian District,116.329,39.9764,3.069672131,3.282051282,4,3.515428571,4.431325301
196,Line 10,1003,Suzhoujie,Haidian District,116.307,39.9757,4.52854512,4.961445783,6.694041868,5.472463768,7.773060029
197,Line 10,1001,Bagou,Haidian District,116.294,39.9743,0.844930417,0.843951985,1.335616438,1.851265823,1.896449704
198,Line 9,925,Baiduizi,Haidian District,116.326,39.9239,NA,NA,NA,2.413865546,2.227906977
199,Line 6,631,Chegongzhuang West,Xicheng District,116.344,39.9323,NA,NA,3.272222222,2.551976574,2.913043478
200,Line 6,627,Baishiqiao South,Haidian District,116.326,39.9324,NA,NA,4.198675497,3.570843571,4.230769231
201,Line 6,625,Huayuanqiao,Haidian District,116.311,39.9324,NA,NA,2.177777778,1.823868313,2.092503987
202,Line 6,623,Cishousi,Haidian District,116.296,39.9328,NA,NA,0.539509537,0.637668919,0.639344262
203,Line 4,441,Beijing Zoo,Xicheng District,116.338,39.9382,3.629550321,5.606745964,7.583941606,4.875283447,9.728682171
204,Line 4,437,Weigongcun,Haidian District,116.323,39.9579,2.632200886,2.988610962,3.345021038,2.979545455,4.079391892
205,Line 4,435,Renmin University of China,Haidian District,116.321,39.9671,2.275138122,2.481923079,2.688708037,2.69783715,3.276539974
206,Line 4,433,Haidian Huangzhuang,Haidian District,116.318,39.9761,10.43457944,12.82716049,10.43318966,5.847338936,10.700611
207,Line 2,203,Fuchengmen,Xicheng District,116.356,39.9237,3.874430709,3.721590909,5.068412162,3.589059081,5.95448799
208,Line 2,202,Chegongzhuang,Xicheng District,116.356,39.9324,3.039563438,3.605863192,4.018621974,3.150684932,3.884488449
209,Line 13,201,Xizhimen,Xicheng District,116.356,39.9404,2.867067217,2.864818024,2.93133386,2.454837845,3.344890511
210,Line 1,114,Fuxingmen,Xicheng District,116.357,39.9073,15.86666667,16.01353811,16.16040956,6.30102916,19.56796117
211,Line 1,113,Nanlishilu,Xicheng District,116.353,39.9073,2.573829532,2.790476019,3.007122507,2.473764259,3.534615385
212,Line 1,112,Muxidi,Xicheng District,116.338,39.9074,2.887096774,2.757909158,2.628721541,2.250235183,2.442413163
213,Line 1,111,Military Museum,Haidian District,116.324,39.9075,2.295597484,2.5943008,2.893004115,2.374142997,2.868263473
214,Line 1,110,Gongzhufen,Haidian District,116.31,39.9075,1.437608319,1.662554159,1.8875,2.123163842,2.921259843
215,Line 1,109,Wanshoulu,Haidian District,116.295,39.9075,0.855737705,0.84336181,0.830985915,0.951219512,0.964946446
216,Line 1,108,Wukesong,Haidian District,116.274,39.9074,0.712814645,0.774193548,0.85931345,1.098491571,0.942902458
217,Line 1,107,Yuquanlu,Haidian District,116.253,39.9074,0.295931933,0.306394357,0.316856781,0.442813883,0.312984496
218,Line 1,106,Babao Mountain,Shijingshan District,116.236,39.9074,0.249385318,0.289467689,0.329550061,0.477231875,0.279541446
219,Line 1,105,Bajiao Amusement Park,Shijingshan District,116.213,39.9074,0.276956365,0.290903125,0.304849885,0.419040084,0.296809404
220,Line 1,104,Gucheng Lu,Shijingshan District,116.19,39.9074,0.276875216,0.251784355,0.226693494,0.289618691,0.214915798
221,Line 4,423,Beigongmen,Haidian District,116.277,40.0024,0.115427303,0.118071327,0.12071535,0.304093567,0.164877301
222,Line 15,1527,Liudaokou,Haidian District,116.353,40.0009,NA,NA,NA,NA,1.037694013
223,Line 15,1525,West End of Qinghua East Rd.,Haidian District,116.337,40.0005,NA,NA,NA,NA,3.232954545
224,Line 13,1331,Xierqi,Chaoyang District,116.307,40.0515,3.737691002,5.412155745,5.080142476,3.518030731,4.622758873
225,Line 13,1327,Wudaokou,Haidian District,116.338,39.9929,4.007222222,4.544477028,5.15879017,3.783957219,4.837862319
226,Line 8,819,Yongtaizhuang,Haidian District,116.355,40.0371,NA,0.209805335,0.213922566,0.340758874,0.220563847
227,Line 8,817,Xiaokou West,Haidian District,116.351,40.0483,NA,1.037914692,1.349162011,2.103130755,1.273519164
228,Line 8,815,Yuxin,Haidian District,116.347,40.0605,NA,0.116236162,0.159752547,0.275242924,0.244741235
229,Line 4,431,Zhongguancun,Haidian District,116.316,39.9842,8.022883295,11.19468028,14.36647727,7.39559387,18.35714286
230,Line 4,429,East Gate of Peking University,Haidian District,116.316,39.992,1.93495935,2.022187054,2.109414758,2.21438646,2.694968553
231,Line 4,427,Yuanmingyuan,Haidian District,116.31,39.9994,0.388888889,0.38736352,0.38583815,0.466607302,0.448763251
232,Line 4,425,Xiyuan,Haidian District,116.291,39.9983,0.103109656,0.120020595,0.136931534,0.218716386,0.20620155
233,Line 15,1537,Guanzhuang,Chaoyang District,116.429,40.0014,NA,NA,NA,NA,2.419354839
234,Line 15,1533,Anli Rd.,Chaoyang District,116.407,40.0026,NA,NA,NA,NA,2.173913043
235,Line 15,1529,Beishatan,Chaoyang District,116.376,40.0017,NA,NA,NA,NA,0.655804481
236,Line 13,1341,Beiyuan,Chaoyang District,116.435,40.043,0.399122807,0.362911266,0.275625307,0.36440678,0.253565769
237,Line 8,827,Olympic Sports Center,Chaoyang District,116.394,39.9851,4.769230769,24.375,26,8.819148936,12.38888889
238,Line 8,825,Olympic Forest Park,Chaoyang District,116.393,40.0001,3.194285714,7.845528455,6.864150943,4.102288022,8.173913043
239,Line 8,821,Lincuiqiao,Chaoyang District,116.384,40.0214,NA,0.586538462,0.556872038,0.740088106,0.79954955
240,Line 5,535,North of Huixin West St.,Chaoyang District,116.417,39.9873,2.349389852,2.589588543,2.829787234,2.485795455,2.522491349
241,Line 5,533,Datunlu East,Chaoyang District,116.417,40.004,2.458132045,2.585230406,2.712328767,2.340647858,2.428134557
242,Line 5,531,Beiyuanlu North,Chaoyang District,116.418,40.0309,1.715025907,1.925737252,2.136448598,1.70215311,1.742917847
243,Line 5,529,Lishuiqiao South,Chaoyang District,116.416,40.0387,0.329223181,0.414008454,0.498793727,0.573235294,0.420560748
244,Line 5,527,Lishuiqiao,Chaoyang District,116.412,40.0525,0.126857829,0.187239117,0.156643357,0.205289803,0.150657414
245,Line 15,1547,Maquanying,Chaoyang District,116.499,40.0335,0.334661355,0.23960396,0.364846871,0.290227774,0.303341902
246,Line 15,1545,Cuigezhuang,Chaoyang District,116.493,40.0223,0.492957746,0.484848485,0.344827586,0.250327654,0.122994652
247,Line 14,1491,Laiguangying,Chaoyang District,116.469,40.024,NA,NA,NA,NA,2.728070175
248,Line 14,1489,Donghuqu,Chaoyang District,116.467,40.0135,NA,NA,NA,NA,4.037914692
249,Line 14 (West Section),1487,Wangjing,Chaoyang District,116.47,39.9985,1.341463415,2.544401544,3.612759644,3.192723697,3.392458101
250,Line 14,1485,Futong,Chaoyang District,116.471,39.9922,NA,NA,NA,NA,4.151162791
251,Line 14,1483,Wangjing South,Chaoyang District,116.477,39.9881,NA,NA,NA,NA,5.238993711
252,Line 13,1343,Wangjing West,Chaoyang District,116.447,39.9951,1.530179445,2.028871391,2.398455598,2.131299122,2.121468927
253,Airport Express,9825,Terminal 2,Chaoyang District,116.602,40.0547,NA,NA,NA,NA,NA
254,Line 15,1561,Shunyi,Shunyi District,116.656,40.1299,NA,0.126373626,0.165919283,0.329218107,0.152854512
255,Line 15,1557,Nanfaxin,Shunyi District,116.612,40.1286,NA,0.510638298,0.474074074,0.600536193,0.402402402
256,Line 15,1553,Hualikan,Shunyi District,116.557,40.0841,0.490272374,0.773109244,0.884462151,0.926966292,0.652173913
257,Line 15,1551,China International Exhibition Center,Shunyi District,116.554,40.0675,2.58,2.677419355,2.446991404,2.15942029,1.171511628
258,Line 8,813,Huoying,Changping District,116.361,40.0707,0.026613375,0.021818787,0.027133126,0.096922809,0.052616065
259,Line 8,811,Huilongguan East St.,Changping District,116.367,40.0823,NA,0.024067389,0.045729797,0.116031887,0.059049448
260,Line 5,525,Tiantongyuan South,Changping District,116.413,40.0666,0.10875045,0.109930781,0.111111111,0.180843103,0.099616858
261,Line 5,523,Tiantongyuan,Changping District,116.413,40.0752,0.042049808,0.042868964,0.043688119,0.096370545,0.04246872
262,Changping Line,9439,Life Science Park,Changping District,116.296,40.0963,0.046175637,0.081657903,0.085663821,0.203479253,0.225627477
263,Changping Line,9435,Gonghuacheng,Changping District,116.301,40.1334,0.051724138,0.057971014,0.01,0.065656566,0.024630542
264,Line 13,1335,Huilongguan,Changping District,116.336,40.0707,0.038560411,0.036828645,0.047588126,0.096286873,0.051779441
265,Line 13,1333,Longze,Changping District,116.319,40.0709,0.084935721,0.074611611,0.084419397,0.136834547,0.067533406
266,Line 8,809,Pingxifu,Changping District,116.356,40.0992,NA,NA,NA,0.168243954,0.127682403
267,Line 8,807,Yuzhilu,Changping District,116.338,40.0983,NA,NA,NA,0.197718631,0.128166915
268,Changping Line,9429,Nanshao,Changping District,116.261,40.2024,0.174219537,0.195061728,0.207105719,0.258052434,0.160298639
